{
    "displayName": "302 - <RING> - Attack surface reduction - All apps: Block access When using unknown device platforms",
    "createdDateTime": null,
    "modifiedDateTime": null,
    "state": "enabledForReportingButNotEnforced",
    "sessionControls": null,
    "conditions": {
        "signInRiskLevels": [],
        "clientAppTypes": [
            "browser",
            "mobileAppsAndDesktopClients"
        ],
        "locations": null,
        "deviceStates": null,
        "applications": {
            "includeApplications": [
                "All"
            ],
            "excludeApplications": [],
            "includeUserActions": []
        },
        "users": {
            "includeUsers": [
                "All"
            ],
            "excludeUsers": [],
            "includeGroups": [],
            "excludeGroups": [
                "<ExclusionTempGroup>",
                "<ExclusionPermGroup>",
                "<EmergencyAccessAccountsGroup>"
            ],
            "includeRoles": [],
            "excludeRoles": []
        },
        "platforms": {
            "includePlatforms": [
                "all"
            ],
            "excludePlatforms": [
                "android",
                "iOS",
                "windows",
                "macOS"
            ]
        }
    },
    "grantControls": {
        "operator": "OR",
        "builtInControls": [
            "block"
        ],
        "customAuthenticationFactors": [],
        "termsOfUse": []
    }
}