{
    "displayName": "305 - <RING> - Attack surface reduction - All apps: Block access When using active sync on untrusted location",
    "createdDateTime": null,
    "modifiedDateTime": null,
    "state": "enabledForReportingButNotEnforced",
    "sessionControls": null,
    "conditions": {
        "signInRiskLevels": [],
        "clientAppTypes": [
            "exchangeActiveSync"
        ],
        "platforms": null,
        "deviceStates": null,
        "applications": {
            "includeApplications": [
                "All"
            ],
            "excludeApplications": [],
            "includeUserActions": []
        },
        "users": {
            "includeUsers": [
                "All"
            ],
            "excludeUsers": [],
            "includeGroups": [],
            "excludeGroups": [
                "<ExclusionTempGroup>",
                "<ExclusionPermGroup>",
                "<EmergencyAccessAccountsGroup>"
            ],
            "includeRoles": [],
            "excludeRoles": []
        },
        "locations": {
            "includeLocations": [
                "All"
            ],
            "excludeLocations": [
                "AllTrusted"
            ]
        }
    },
    "grantControls": {
        "operator": "OR",
        "builtInControls": [
            "block"
        ],
        "customAuthenticationFactors": [],
        "termsOfUse": []
    }
}